Date,BHP,CBA,QBE,WSF,LEI,WOR,NAB,NCM,TLS,QAN,MQG,RIO,WPL,WOW,WES,ABND10Y,ADBR090,S&PCOMP,AUSTALL,USAUSTR
2007-07-06,37.54,55.28,30.87,15.6,41.362,34.1,40.14,21.184,4.62,5.59,88.2,80.487,45.869,28.222,38.049,0.0623,0.06442,1530.44,6382.957,0.8581
2007-07-13,39.16,55.06,30.8,15.6,40.481,36.25,39.76,22.541,4.76,5.77,89.44,79.895,45.654,28.043,38.235,0.0623,0.06453,1552.5,6425.438,0.8711
2007-07-20,38.4,56.9,30.84,15.6,40.181,35.8,40.82,22.56,4.76,5.79,90.45,78.791,45.478,27.528,37.725,0.0615,0.06443,1534.1,6456.665,0.8802
2007-07-27,35.97,54.57,29.86,15.6,35.727,34.5,38.2,22.706,4.57,5.56,81.15,71.456,41.975,25.984,35.704,0.0598,0.0656,1458.95,6127.331,0.8516
2007-08-03,36.69,53.31,29.86,15.6,38.729,33.83,38,22.936,4.61,5.57,75,70.052,41.702,26.231,35.408,0.0598,0.06597,1433.06,6055.949,0.8545
2007-08-10,34.66,53.35,28.91,15.6,38.487,33.9,38.22,23.046,4.34,5.39,72.1,66.858,40.696,26.102,36.381,0.0595,0.06725,1453.64,5965.214,0.8445
2007-08-17,32.44,52.5,27.5,15.6,37.547,28.9,37.98,22.257,4.24,5.3,64.74,64.011,37.817,26.162,34.481,0.0581,0.06812,1445.94,5670.29,0.7971
2007-08-24,36.6,54.81,32.7,15.6,40.859,34,40,23.009,4.33,5.56,74.6,70.289,41.096,27.419,35.593,0.0594,0.06788,1479.37,6087.242,0.8272
2007-08-31,38.42,55.15,34.85,15.6,42.447,38.6,39.94,22.477,4.37,5.58,73.3,73.759,44.21,29.628,35.741,0.0589,0.0689,1473.99,6248.347,0.8189
2007-09-07,39.75,54.67,33.83,15.6,46.92,38.1,39,22.927,4.27,5.65,71.39,79.659,45.508,29.657,35.732,0.0597,0.06907,1453.55,6296.537,0.8264
2007-09-14,39.4,55.7,34.15,15.6,47.636,38.45,39,22.752,4.44,5.64,76.98,78.389,45.654,29.43,36.288,0.0593,0.0699,1484.25,6315.705,0.8421
2007-09-21,41,55.64,34.7,15.6,50.047,40.05,37.49,28.4,4.36,5.55,77,81.402,48.035,29.251,37.076,0.0616,0.06868,1525.75,6371.2,0.8665
2007-09-28,44.55,56.39,33.8,15.6,49.863,42.41,39.71,27.843,4.36,5.58,84.4,85.353,48.992,29.42,38.93,0.062,0.06885,1526.75,6580.936,0.8878
2007-10-05,44.1,57.06,33.54,15.6,53.881,42.99,40.76,28.042,4.35,5.65,85.95,84.904,50.534,30.311,39.699,0.0618,0.06905,1557.59,6617.277,0.8977
2007-10-12,46.2,59.79,33.68,15.6,54.782,44.45,41.76,27.933,4.56,5.96,86.4,88.098,52.652,31.004,39.866,0.0626,0.06858,1561.8,6760.144,0.9048
2007-10-19,47.1,59.14,32.4,15.6,54.946,46.44,40.9,29.762,4.63,5.83,83.02,86.442,53.618,32.301,40.274,0.0615,0.0682,1500.63,6723.349,0.8909
2007-10-26,45.76,60.13,32.06,15.6,58.732,47.91,42.7,31.075,4.73,6.01,82.29,84.391,52.788,32.588,40.45,0.0607,0.06973,1535.28,6716.421,0.9185
2007-11-02,45,61.2,32.06,15.6,60.271,46.59,43.1,32.517,4.79,5.95,82.3,87.514,50.553,32.202,40.098,0.0622,0.07018,1509.65,6726.726,0.9232
2007-11-09,42.47,59.4,32.1,15.6,57.812,48.88,43.4,35.649,4.68,5.8,80.9,103.241,54.008,31.717,35.361,0.0604,0.07107,1453.7,6607.445,0.9107
2007-11-16,41.15,59.97,30.9,15.6,56.505,46.2,42.16,32.069,4.66,5.86,80.5,103.485,45.742,31.885,37.076,0.0604,0.0717,1458.74,6526.145,0.8936
2007-11-23,40.27,57.2,31.75,15.6,53.407,42.8,39.95,32.825,4.63,5.81,76.49,101.269,46.552,31.192,38.281,0.0586,0.07165,1440.7,6392.435,0.8778
2007-11-30,42.98,59.65,32.42,15.6,58.819,50.08,38.3,33.571,4.67,5.85,80.3,114.511,47.323,33.519,40.255,0.0601,0.07247,1481.14,6593.6,0.8841
2007-12-07,43.5,60.69,32.9,15.6,61.24,53.82,39.22,32.736,4.71,5.78,80.25,114.74,47.167,34.094,40.144,0.0605,0.07253,1504.66,6714.04,0.8765
2007-12-14,42.05,60.74,32.35,15.6,61.385,50.91,38.45,33.064,4.71,5.82,80.08,108.241,46.464,34.321,38.504,0.0627,0.07512,1467.95,6556.079,0.8612
2007-12-21,39.65,57.77,32.33,15.6,55.818,49.5,37.81,30.17,4.71,5.41,76.09,101.387,45.976,33.47,37.54,0.0625,0.07227,1484.46,6309.376,0.8676
2007-12-28,40.51,58.88,33,15.6,57.725,52,37.79,32.01,4.69,5.46,76.53,105.686,49.216,33.569,37.771,0.0639,0.07268,1478.49,6423.715,0.8761
2008-01-04,40.85,58.04,32.15,15.6,58.461,51.06,37.33,36.803,4.69,5.44,73.2,104.164,50.914,33.321,37.79,0.061,0.0713,1411.63,6385.367,0.8719
2008-01-11,38.3,55.89,31.6,15.6,51.364,44.5,35.2,37.777,4.6,5.11,69.88,99.061,49.626,33.034,35.222,0.0612,0.07178,1401.02,6054.418,0.8906
2008-01-18,34.8,53.2,29.44,15.6,47.636,41,36.26,34.337,4.41,4.69,68.22,97.799,46.415,30.45,33.007,0.0605,0.07098,1325.19,5799.408,0.8791
2008-01-25,36.8,53.71,30.21,15.6,47.559,39.78,36.49,34.456,4.57,4.83,69.02,93.461,46.054,30.865,35.222,0.062,0.0728,1330.61,5886.258,0.8799
2008-02-01,38.55,51.12,29.35,15.6,49.95,40.1,35.4,35.162,4.41,4.79,69,100.409,47.333,29.113,34.666,0.0614,0.0738,1395.42,5882.306,0.9041
2008-02-08,36.14,50.14,28.1,15.6,52.042,37.81,33.43,35.5,4.57,4.82,62.5,98.587,43.771,28.707,36.177,0.0621,0.0746,1331.29,5723.892,0.8951
2008-02-15,39.29,46.38,27.46,15.6,45.293,35.88,30.64,34.943,4.72,4.63,55.5,108.131,48.65,26.855,35.593,0.0636,0.07798,1349.99,5679.766,0.9089
2008-02-22,39.73,42.59,27.7,15.6,43.667,37.05,28.59,35.719,4.74,4.49,54.9,106.948,53.676,27.538,35.139,0.0639,0.0776,1353.11,5644.481,0.9243
2008-02-29,39.58,42.13,22.57,15.6,44.538,37.54,28.85,37.827,4.87,4.22,53.61,108.052,55.628,28.707,34.963,0.0624,0.0799,1330.63,5674.685,0.9306
2008-03-07,38.88,39.35,20.58,15.6,43.095,33.55,26.93,39.865,4.37,4.03,45.43,103.477,55.14,28.42,34.963,0.0612,0.08008,1293.37,5368.941,0.9269
2008-03-14,37.92,39.77,20.91,15.6,40.927,32.42,27.66,37.499,4.24,3.71,47.5,103.162,52.29,26.518,33.415,0.0604,0.07892,1288.14,5288.529,0.9366
2008-03-21,33.87,39.3,23,15.6,37.247,30.12,29.11,31.125,4.2,3.88,49.5,91.718,50.026,27.726,34.249,0.0598,0.07783,1329.51,5182.406,0.9019
2008-03-28,36.05,42.71,22.53,15.6,39.261,32.51,29.96,33.919,4.38,3.96,52.78,96.931,52.212,29.014,36.159,0.0616,0.0785,1315.22,5401.2,0.9175
2008-04-04,38.6,45.48,25.19,15.6,45.99,36.49,31.1,33.412,4.53,4.13,56.3,103.201,54.691,30.4,36.557,0.0619,0.07812,1370.4,5663.722,0.9218
2008-04-11,42.16,41.43,23.39,15.6,42.602,36.5,29.01,32.517,4.47,3.8,54.79,109.314,54.34,30.103,35.074,0.0615,0.07845,1332.83,5505.2,0.9279
2008-04-18,42.42,41.66,23.64,15.6,42.185,36.75,27.73,33.153,4.54,3.59,58.52,110.371,55.96,27.717,34.268,0.062,0.0787,1390.33,5504.14,0.9342
2008-04-25,44.9,43.5,24.55,15.6,43.667,38.2,29.3,30.23,4.54,3.37,59.39,115.623,59.034,27.816,34.268,0.0635,0.07845,1397.84,5658.676,0.9334
2008-05-02,43.42,44.95,25.54,15.6,45.787,40.35,31.53,27.445,4.63,3.59,65.49,109.046,55.628,28.667,35.325,0.0623,0.07797,1413.9,5760.444,0.9351
2008-05-09,46.5,43.92,25.4,15.6,48.391,38.82,32.24,30.588,4.58,3.41,61.6,115.56,58,28.024,36.18,0.062,0.07787,1388.28,5844.425,0.9438
2008-05-16,48.7,44.95,25.55,15.6,53.91,41.13,34.02,31.353,4.75,3.62,66.3,122.525,61.679,28.667,37.984,0.063,0.07772,1425.35,6006.147,0.9559
2008-05-23,47.49,42.3,25.48,15.6,52.148,37.98,32.49,33.869,4.8,3.35,58.4,117.926,65.827,28.509,37.842,0.0654,0.0769,1375.93,5866.196,0.9595
2008-05-30,43.5,42.32,24.44,15.6,51.606,37.3,31.31,31.662,4.75,3.47,54.5,108.841,63.436,27.449,35.99,0.0654,0.0775,1400.38,5773.937,0.956
2008-06-06,44,43.4,24.62,15.6,51.654,37.85,29.52,29.782,4.6,3.49,55.99,108.47,59.122,28.043,36.18,0.0665,0.0789,1360.68,5691.199,0.9628
2008-06-13,43.04,41.76,23.25,15.6,48.43,36.5,28.28,26.62,4.56,3.29,49.17,106.08,61.484,26.39,36.816,0.0675,0.0788,1360.03,5479.609,0.9392
2008-06-20,44.65,39.36,21.3,15.6,49.815,38.54,25.75,27.058,4.29,3.09,46.6,109.314,61.415,23.934,37.034,0.0642,0.0785,1317.93,5411.786,0.9533
2008-06-27,42.89,40.5,21.93,15.6,49.747,38.15,26.7,28.728,4.35,3.01,48.04,104.14,65.67,24.776,35.657,0.0647,0.0784,1278.38,5349.446,0.9606
2008-07-04,40.7,42.33,22.48,15.6,45.07,33.49,27.54,29.812,4.33,3.25,48.63,99.14,60.264,23.171,32.638,0.0643,0.07767,1262.9,5169.987,0.9628
2008-07-11,40.35,40.32,21.93,15.6,44.586,33.53,27.45,31.294,4.45,3.22,49.15,99.376,59.141,24.3,31.308,0.0637,0.0778,1239.49,5067.807,0.9665
2008-07-18,36.65,41.8,20.95,15.6,41.74,31.1,27.01,32.03,4.24,3.3,45.92,91.095,54.164,24.993,30.416,0.0636,0.0777,1260.68,4915.294,0.9703
2008-07-25,36.92,43.25,23.35,15.6,43.086,32.15,26.56,28.788,4.4,3.49,50.38,89.754,50.953,25.29,32.704,0.0626,0.0773,1257.76,5028.921,0.9561
2008-08-01,39.11,39.5,21.74,15.6,39.174,30.85,24.34,28.788,4.52,3.31,49.5,95.906,51.461,25.508,32.666,0.0611,0.0759,1260.31,4977.986,0.9293
2008-08-08,37.15,43.42,23.21,15.6,40.956,33.12,25.15,26.252,4.54,3.4,53.45,91.489,50.26,26.241,32.951,0.0589,0.0736,1296.32,5037.562,0.8897
2008-08-15,37.98,43.7,23.35,15.6,41.014,34.36,25.05,24.293,4.42,3.5,52.35,90.819,52.896,26.439,33.901,0.0581,0.0731,1298.2,5038.853,0.8661
2008-08-22,40.15,41.38,23.18,15.6,43.596,34.79,23.55,26.859,4.28,3.49,46.7,95.433,55.628,25.885,30.34,0.0577,0.073,1292.2,5010.215,0.8669
2008-08-29,41.4,42.4,23.95,15.6,45.473,37.06,24.5,27.247,4.35,3.38,44.04,100.559,61.533,28.083,29.248,0.0572,0.0725,1282.83,5215.466,0.8579
2008-09-05,37,41.59,23.45,15.6,42.872,32.8,23.6,21.648,4.27,3.6,42,86.82,54.633,27.033,29.343,0.056,0.07197,1242.31,4949.503,0.8158
2008-09-12,36,42.99,24.2,15.6,42.119,31.49,23.96,19.391,4.28,3.54,44.01,83.799,51.344,27.707,28.678,0.0566,0.0727,1251.7,4957.132,0.8237
2008-09-19,35.4,42.7,25.7,15.6,41.063,31.64,23,23.716,4.13,3.33,35.9,80.053,52.759,27.261,29.248,0.0553,0.0742,1255.08,4840.723,0.8346
2008-09-26,35.84,44.43,27.2,15.6,41.65,34.6,25.8,28.629,4.2,3.22,38.31,79.659,54.457,27.825,27.804,0.0557,0.0737,1213.27,4934.632,0.8312
2008-10-03,30.42,45.01,27.33,15.6,37.651,28.76,26.15,27.435,4.38,3.11,39.1,70.123,48.806,28.618,26.921,0.0522,0.07003,1099.23,4702.814,0.7732
2008-10-10,27.74,39.55,24.3,15.6,28.568,21.52,20.8,25.496,3.9,2.58,28.52,57.575,36.305,24.756,20.654,0.05,0.06197,899.22,3939.461,0.6433
2008-10-17,24.59,41.41,25.7,15.6,28.549,17.46,21.6,22.573,3.99,2.65,31.36,49.388,35.134,26.192,18.935,0.0519,0.05658,940.55,3944.837,0.689
2008-10-24,24.38,40.84,25.4,15.6,26.691,15.86,24.7,17.352,4.03,2.55,28.75,50.556,38.266,25.825,19.41,0.0478,0.058,876.77,3831.622,0.6219
2008-10-31,27.99,40.3,25.5,15.6,24.247,14.95,23.99,20.684,4.12,2.42,29.4,61.203,40.872,27.528,20.388,0.0502,0.0578,968.75,3982.706,0.6679
2008-11-07,27.93,40.07,27.9,15.6,25.762,15.25,22.15,21.569,4.3,2.79,30.14,56.999,38.842,28.717,21.366,0.0498,0.0492,930.99,4006.592,0.6742
2008-11-14,26.4,32.1,25.95,15.6,24.677,12.85,19.79,20.922,4.26,2.45,22.73,56.786,36.012,28.004,16.903,0.0483,0.0466,873.29,3726.01,0.6483
2008-11-21,21.9,30.95,23.91,15.6,19.945,11.42,19,21.34,3.98,2.2,27.06,47.33,28.302,25.3,18.052,0.0443,0.044,800.03,3386.934,0.6315
2008-11-28,31,34.09,23.75,15.6,23.787,13.42,20,24.413,4.06,2.32,29.7,36.753,35.182,26.538,17.663,0.0439,0.0449,896.24,3672.668,0.6543
2008-12-05,26.15,30.9,24.83,15.6,20.835,11.26,19.81,24.94,4.12,2.22,30.08,25.238,29.727,25.835,15.678,0.0411,0.04658,876.07,3427.205,0.6467
2008-12-12,28.82,28.15,23.94,15.6,22.487,13.13,19.1,27.953,4.13,2.24,28.25,28.559,32.264,24.756,14.548,0.0427,0.04532,879.73,3452.47,0.6643
2008-12-19,29.92,27.8,25.9,15.6,24.53,13.92,20,33.312,3.72,2.64,28.57,30.767,31.669,26.231,16.514,0.04,0.04332,887.88,3547.176,0.6805
2008-12-26,28.84,27.15,25.59,15.6,24.442,12.55,20.11,31.602,3.73,2.53,28.5,28.859,32.108,26.142,16.067,0.0406,0.043,872.8,3514.974,0.6845
2009-01-02,30.58,29.2,25.6,15.6,26.887,14.15,20.4,33.72,3.85,2.65,29.16,30.728,36.402,25.855,16.808,0.0393,0.0418,931.8,3655.712,0.7115
2009-01-09,31.7,28.8,26.2,15.6,22.507,15.1,21,30.478,3.72,2.57,31.38,34.648,35.114,25.974,17.995,0.041,0.03982,890.35,3680.419,0.7052
2009-01-16,29.88,27.35,25.24,15.6,19.652,13.7,19.35,28.788,3.6,2.47,28.17,30.247,32.723,26.063,15.412,0.0395,0.03738,850.12,3494.927,0.6727
2009-01-23,27.45,24.07,22.71,15.6,15.888,12.6,16.94,30.399,3.64,2.38,24.55,30.018,32.352,25.152,15.982,0.0408,0.03597,831.95,3300.253,0.6534
2009-01-30,30.5,26.9,24,15.6,16.386,15.09,18.93,30.826,3.79,2.45,25.99,33.244,34.528,27.429,15.55,0.0407,0.03408,825.88,3478.147,0.6364
2009-02-06,32.23,29.7,23.14,15.6,16.376,11.9,18.5,31.701,3.71,1.915,23.39,36.872,31.23,27.677,15.5,0.0441,0.03245,868.6,3407.525,0.6752
2009-02-13,32.7,31.4,23.86,15.6,17.941,13.6,18.45,34.476,3.67,1.88,24.08,40.224,32.108,27.528,16.15,0.0421,0.03145,826.84,3496.659,0.6554
2009-02-20,30.51,29.57,20.74,15.6,18.244,13.4,18.01,32.845,3.71,1.675,20.65,39.664,32.567,27.35,17.79,0.0415,0.03083,770.05,3353.003,0.6462
2009-02-27,28.83,29.8,19.06,15.6,18.615,15.95,17.88,30.807,3.55,1.565,16.98,37.266,34.938,25.885,17.6,0.0439,0.03163,735.09,3296.897,0.6388
2009-03-06,27.65,27,16.3,15.6,17.726,14.85,16.8,30.896,3.21,1.475,17.26,36.044,34.694,25.736,17.05,0.0423,0.03325,683.38,3111.74,0.6404
2009-03-13,31.66,30.25,16.87,15.6,19.886,17.4,17.78,31.95,3.06,1.6,19.51,41.028,36.871,24.33,18.28,0.0427,0.03162,756.55,3294.685,0.658
2009-03-20,32.18,34,18.56,15.6,18.879,18.58,19.12,33.909,3.03,1.695,23.5,36.951,36.519,24.508,18.03,0.0417,0.0301,768.54,3404.956,0.6865
2009-03-27,34.01,35,19.74,15.6,19.71,18.44,21.09,33.352,3.25,1.85,25.46,44.861,40.013,25.251,18.79,0.0457,0.03168,815.94,3615.554,0.694
2009-04-03,34.6,36.06,19.06,15.6,19.974,18.47,22.84,30.618,3.07,1.85,29.45,47.637,38.92,24.637,19.34,0.0444,0.0314,842.5,3674.026,0.715
2009-04-10,32.45,35.6,19.12,15.6,20.317,18.54,21.85,28.937,3.26,1.96,28.89,42.432,37.759,25.35,19,0.0459,0.03132,856.56,3617.538,0.7198
2009-04-17,33.41,37,20.55,15.6,21.06,19.5,22.14,27.873,3.19,1.99,30.8,46.628,37.193,25.627,21.25,0.0452,0.03057,869.6,3728.095,0.7223
2009-04-24,32.05,35.96,20.79,15.6,19.29,18.96,22.25,30.329,3.25,1.98,31.84,47.227,36.89,26.083,21.2,0.0452,0.03073,866.23,3668.177,0.7228
2009-05-01,33,35.05,21.64,15.6,21.304,18.52,20.76,29.882,3.36,2.05,33.48,50.619,37.495,26.162,22.7,0.0469,0.03038,877.52,3737.9,0.7304
2009-05-08,35.31,36.74,22.18,15.6,25.635,23.15,22.78,29.931,3.23,2.1,35.5,56.471,42.843,25.904,22.9,0.0497,0.03157,929.23,3919.609,0.7685
2009-05-15,33.34,35.82,20.6,15.6,22.292,22,21.47,29.345,3.18,1.91,34.6,48.805,42.443,25.588,22.39,0.0487,0.03157,882.88,3758.869,0.7492
2009-05-22,33.46,35.51,20.95,15.6,21.539,20.86,21.76,31.771,3.09,1.88,33.49,50.824,41.389,25.578,20.81,0.0521,0.0316,887,3755.421,0.7828
2009-05-29,34.66,35.14,19.34,15.6,22.194,22.5,22.02,32.775,3.11,1.915,31.65,50.903,42.307,25.102,21.32,0.0528,0.0319,919.14,3813.283,0.8014
2009-06-05,38.18,36.51,18.65,15.6,24.022,22.8,21.95,32.557,3.2,2.19,36.88,57.173,41.594,26.043,22.16,0.041,0.0324,940.09,3969.015,0.7937
2009-06-12,38.04,37.8,19.52,15.6,23.983,25.18,22.02,31.821,3.33,2.23,39.16,60.888,41.848,26.033,22.35,0.0555,0.03322,946.21,4061.489,0.8125
2009-06-19,34.7,38.5,19.15,15.6,22.458,24.13,22.1,30.926,3.28,2.03,37.25,50.72,40.609,25.498,21.72,0.0584,0.033,921.23,3894.394,0.8048
2009-06-26,34.18,38.66,19.75,15.6,21.852,24.03,22.3,29.862,3.28,2.01,37.77,51,41.848,25.706,21.83,0.0561,0.0325,918.9,3899.5,0.8073
2009-07-03,33.43,37.19,19.43,15.6,21.871,22.85,21.85,30.13,3.33,1.925,37.01,49.6,40.433,25.855,22.64,0.0543,0.0315,896.42,3826.579,0.7973
2009-07-10,32.65,37.45,19.74,15.6,21.382,20.8,22.38,29.991,3.41,1.925,36.08,48.36,38.94,26.182,22.4,0.0529,0.0315,879.13,3790.583,0.7787
2009-07-17,35.2,39.49,20.05,15.6,24.609,23,23.79,30.777,3.35,2.06,37.93,52.48,41.575,26.924,23.55,0.0545,0.03105,940.38,3992.934,0.8018
2009-07-24,37.51,39.75,19.38,15.6,27.18,24.3,22.27,30.508,3.47,2.07,40,57.55,43.419,25.855,25.22,0.0571,0.0312,979.26,4097.289,0.8174
2009-07-31,37.85,42.8,19.5,15.6,29.507,25.81,24.33,29.832,3.53,2.32,44.02,60.4,44.6,26.984,25.85,0.0562,0.0318,987.48,4249.545,0.8356
2009-08-07,38,44.45,21.05,15.6,29.331,25.55,25.5,30.081,3.52,2.42,43.96,60.57,42.697,26.439,24.68,0.0566,0.0329,1010.48,4303.145,0.8375
2009-08-14,38.26,47.02,21.2,15.6,32.557,27.35,27.75,28.987,3.6,2.61,47.01,59.99,43.087,27.033,25.6,0.0561,0.0331,1004.09,4465.087,0.8326
2009-08-21,36.61,43.55,23.12,15.6,34.415,26.84,25.68,28.39,3.47,2.52,44.58,56.31,46.015,27.221,25.15,0.0543,0.0328,1026.13,4305.726,0.8345
2009-08-28,37.85,45.15,23.1,15.6,35.764,29.3,27.81,29.036,3.37,2.56,48.95,57.3,48.504,28.024,25.5,0.0542,0.0344,1028.93,4495.875,0.8409
2009-09-04,36.62,45.68,21.98,15.6,36.077,28.55,27.21,31.642,3.28,2.44,48.7,55.25,45.908,28.459,24.75,0.0543,0.034,1016.4,4442.68,0.851
2009-09-11,38.3,47.6,22.72,15.6,36.41,28.75,29.04,33.969,3.32,2.69,49.75,59.23,47.089,28.281,25.3,0.0529,0.034,1042.73,4596.33,0.8637
2009-09-18,38.7,49.09,23.7,15.6,36.703,28.97,29.86,34.058,3.25,2.78,54.45,61,49.431,28.667,26.28,0.0532,0.0336,1068.3,4693.7,0.8673
2009-09-25,37.55,51.3,24.1,15.6,35.852,29.13,30.42,33.213,3.25,2.84,56.99,59.98,51.139,28.855,26.66,0.0527,0.0328,1044.38,4714.826,0.8679
2009-10-02,36.2,50,23.5,15.6,33.623,28.99,29.85,31.443,3.22,2.84,54.8,57.19,50.182,28.628,25.51,0.0514,0.0343,1025.21,4606.058,0.8657
2009-10-09,37.85,53.16,22.8,15.6,36.175,29.27,31.6,35.52,3.16,2.97,57.4,61.5,49.353,28.568,26.3,0.0525,0.0377,1071.49,4754.473,0.9039
2009-10-16,39.2,55.28,22.91,15.6,37.065,29.9,31.58,35.51,3.11,3.02,55.09,64.92,51.451,29.459,26.05,0.0563,0.0392,1087.68,4842.582,0.917
2009-10-23,40.2,56.24,23.45,15.6,36.81,29.04,30.91,35.271,3.19,2.93,53.24,67.5,50.553,29.024,28.26,0.0574,0.0386,1079.6,4859.691,0.9223
2009-10-30,37.45,52.25,22.77,15.6,35.197,26.4,29.85,32.119,3.32,2.8,50,63.78,46.552,28.35,28.09,0.0557,0.039,1036.18,4646.885,0.8997
2009-11-06,37.4,52.71,22.42,15.6,35.002,27.48,28.75,33.889,3.2,2.64,49.6,65,46.757,27.697,26.42,0.0564,0.0396,1069.3,4604.35,0.9183
2009-11-13,39.01,54.33,22.5,15.6,36.693,26.95,28.89,34.376,3.3,2.74,48.85,69.52,47.782,27.766,27.9,0.0556,0.0401,1093.48,4722.577,0.9327
2009-11-20,40.03,52.76,22.64,15.6,35.5,26.95,28.69,35.639,3.3,2.69,48.01,71.22,47.518,27.726,29.25,0.0541,0.0393,1091.38,4706.732,0.9145
2009-11-27,40.39,50.6,21.73,15.6,33.995,25.85,27.01,36.723,3.39,2.53,45.34,68.55,46.942,27.618,28.81,0.052,0.0395,1091.491,4597.235,0.9071
2009-12-04,41.4,53.96,22.32,15.6,36.136,27.2,28.1,38.086,3.42,2.73,48.47,71.85,47.918,27.528,28.8,0.054,0.0406,1105.98,4721.222,0.9145
2009-12-11,40.5,52.5,22.96,15.6,35.784,28,28.21,34.824,3.47,2.58,47.89,70.18,46.044,26.568,29.23,0.0553,0.0416,1106.41,4651.396,0.9126
2009-12-18,40.6,52.86,24.58,15.6,35.921,27.45,25.99,33.989,3.43,2.74,45.95,71.09,46.863,26.855,29.32,0.0542,0.0415,1102.47,4671.907,0.8903
2009-12-25,42.47,53.87,24.6,15.6,36.703,28.76,26.7,34.943,3.36,2.93,48,73.5,46.745,27.152,30.25,0.0564,0.0421,1126.48,4803.324,0.8845
2010-01-01,43.12,54.85,25.6,15.6,37.26,29.08,27.4,35.132,3.43,2.99,48.4,74.89,46.45,27.726,31.27,0.0572,0.0415,1115.1,4882.714,0.8973
2010-01-08,43.62,56.16,24.77,15.6,38.893,30.46,26.9,35.997,3.38,2.96,48.9,79.01,47.926,27.816,31.46,0.0575,0.0416,1144.98,4942.215,0.9247
2010-01-15,43.65,58.1,24.04,15.6,39.186,25.35,27.3,35.967,3.33,2.94,50.61,78.62,46.892,27.667,31.05,0.0564,0.0421,1136.03,4929.517,0.9231
2010-01-22,41.7,55.75,23.08,15.6,37.426,24,26.72,33.123,3.37,2.91,51.6,72.94,43.665,27.231,29.37,0.0548,0.0425,1091.76,4771.9,0.9008
2010-01-29,39.4,53.23,22.92,15.6,37.348,23.59,26.37,31.353,3.34,2.84,50.16,68,41.657,25.607,27.51,0.0544,0.0425,1073.87,4596.877,0.884
2010-02-05,39.55,52.67,22.11,15.6,36.468,22.9,25.31,30.976,3.39,2.8,50.23,66.6,40.86,25.419,27.18,0.0545,0.0412,1066.18,4532.495,0.8684
2010-02-12,40.82,52.3,22.77,15.6,36.458,22.92,24.4,32.497,3.12,2.92,47.35,71.94,42.119,25.3,29.03,0.0557,0.0423,1075.51,4588.842,0.8891
2010-02-19,41,52.81,23.35,15.6,37.045,24.47,25.25,31.622,3.16,2.74,46.25,71,42.917,25.568,31.2,0.0562,0.0417,1109.17,4656.283,0.8989
2010-02-26,41.1,53.92,21.4,15.6,36.859,24.58,25.44,31.164,2.97,2.64,45.26,70.5,42.68,26.578,31.13,0.0549,0.0417,1104.49,4651.114,0.8957
2010-03-05,42.5,55.1,20.5,15.6,38.424,24.59,26.5,33.78,2.91,2.77,48.06,75.01,43.812,27.776,32.71,0.0546,0.0422,1138.69,4773.382,0.9076
2010-03-12,42.85,55.88,21.15,15.6,38.639,25.72,26.9,34.018,3.06,2.83,49.76,75.96,44.688,28.222,31.98,0.0567,0.0446,1149.99,4831.483,0.915
2010-03-19,43.2,56.21,20.96,15.6,38.688,26.22,26.9,33.501,3.17,2.85,49.42,76.19,45.987,28.499,31.8,0.0567,0.0427,1159.9,4890.072,0.9155
2010-03-26,43.28,57.37,21.23,15.6,38.297,25.41,27.59,32.756,3.06,2.87,49.9,78.32,46.174,28.35,31.65,0.0573,0.0442,1166.59,4905.196,0.9041
2010-04-02,43.95,56.79,21.01,15.6,38.257,25.59,27.65,33.591,3,2.84,47.11,79.6,46.174,27.924,31.65,0.0575,0.0444,1178.1,4925.854,0.9192
2010-04-09,43.9,58.14,21.12,15.6,37.377,26.6,27.6,35.43,3.09,2.87,49.37,79.47,46.745,28.241,31.9,0.0581,0.0455,1194.37,4972.933,0.9339
2010-04-16,43.54,59.83,22.1,15.6,36.693,26.83,28.37,34.416,3.13,2.98,51.59,79.67,45.977,27.013,32.39,0.0581,0.0452,1192.13,5007.306,0.9248
2010-04-23,41.97,58.2,21.62,15.6,36.106,26.82,28.25,34.008,3.19,2.89,50,76.45,45.574,26.558,30.09,0.0578,0.0454,1217.28,4913.503,0.9275
2010-04-30,40.75,58.51,21.1,15.6,36.077,26.65,28,32.905,3.18,2.84,50.29,72.1,44.678,26.835,29.29,0.057,0.046,1186.68,4833.879,0.9243
2010-05-07,37.5,53,20.51,15.6,32.733,24.78,24.58,31.314,3,2.53,45.53,64.98,42.395,26.677,27.95,0.0547,0.0486,1110.88,4507.388,0.8884
2010-05-14,38.64,53.71,21.31,15.6,33.868,26.48,25.37,33.173,2.98,2.64,47.05,68,44.088,27.023,29.83,0.0551,0.0484,1135.68,4642.981,0.8861
2010-05-21,36.77,50.94,20.02,15.6,30.142,23.45,23.77,30.578,2.95,2.38,43.74,61.8,40.722,26.122,28.64,0.0539,0.0467,1087.69,4325.768,0.8311
2010-05-28,38.97,52.12,19.62,15.6,31.961,25.06,24.78,31.861,2.95,2.45,44.1,68.2,42.769,26.152,28.9,0.0541,0.049,1089.41,4479.011,0.8472
2010-06-04,37.87,51.47,19.01,15.6,31.081,24.26,24.36,32.229,3.1,2.52,44.25,67.59,43.291,26.746,29.09,0.0542,0.0484,1064.88,4472.403,0.8236
2010-06-11,38.58,52.5,19.1,15.6,30.876,23.47,24.71,34.158,3.19,2.41,44.72,69.1,44.501,27.37,28.82,0.0554,0.0491,1091.6,4516.529,0.8503
2010-06-18,39.13,52.59,18.66,15.6,31.55,22.36,25.12,35.043,3.23,2.45,44.63,70.85,43.999,27.637,29.24,0.0536,0.0493,1117.51,4574.08,0.8728
2010-06-25,38.8,50,18.35,15.6,29.976,21.8,23.8,35.798,3.3,2.33,39.5,69.6,42.592,27.132,29.1,0.0525,0.0497,1076.76,4439.433,0.8741
2010-07-02,37.09,47.73,17.6,15.6,27.962,21.22,23.06,34.048,3.13,2.22,36,65.3,40.348,26.38,28.13,0.051,0.0488,1022.58,4264.856,0.8418
2010-07-09,38.43,49.8,17.78,15.6,29.575,21.52,24.04,34.118,3.23,2.3,39.65,68.1,41.854,26.845,28.46,0.0511,0.049,1077.96,4414.514,0.8772
2010-07-16,38.15,51.36,18.31,15.6,29.879,21.07,24.49,34.108,3.27,2.32,39.47,65.78,41.864,26.499,28.23,0.0512,0.0483,1064.88,4437.027,0.8692
2010-07-23,39.68,51.24,17.97,15.6,28.999,22.49,24.37,33.034,3.2,2.4,39.43,69.86,41.253,25.419,29.14,0.052,0.0483,1102.66,4475.139,0.8956
2010-07-30,40.12,52.56,16.7,15.6,28.832,23.14,25.13,32.527,3.22,2.47,37.2,70.61,40.939,25.538,31.09,0.052,0.0476,1101.6,4507.438,0.9053
2010-08-06,41.13,52.59,17.23,15.6,29.859,23.4,25.03,34.307,3.31,2.62,39.55,73.2,41.637,26.182,31.53,0.0515,0.0476,1121.64,4586.271,0.919
2010-08-13,40.4,51.48,17.05,15.6,28.256,22.19,23.87,34.506,2.92,2.52,38.45,71.43,40.85,26.479,30.96,0.0504,0.0473,1079.25,4480.934,0.8933
2010-08-20,37.9,49.5,16.91,15.6,31.003,22.64,23.88,35.58,2.96,2.6,38.14,71.58,42.533,26.825,31.98,0.0491,0.0472,1071.69,4462.111,0.8938
2010-08-27,37.3,49.21,16.6,15.6,29.879,21.07,23.05,35.082,2.76,2.48,36.5,69.3,41.431,27.578,31.61,0.048,0.0474,1064.59,4404.064,0.8989
2010-09-03,38.33,51.57,16.88,15.6,31.853,21.9,24.1,38.503,2.82,2.53,36.99,73.79,42.69,28.103,33.6,0.0485,0.0473,1104.51,4577.639,0.9168
2010-09-10,37.96,52.67,17.64,15.6,32.626,23.05,24.67,38.622,2.81,2.61,34.44,74.25,41.854,28.618,33.57,0.0498,0.048,1109.55,4600.656,0.9263
2010-09-17,38.9,52.71,17.96,15.6,33.261,23.23,25.97,41.268,2.75,2.68,36.67,75.53,43.074,28.479,33.46,0.0511,0.0479,1125.59,4685.058,0.9359
2010-09-24,39.04,51.82,17.19,15.6,32.088,22.01,25.55,39.696,2.67,2.67,36.35,75.6,43.773,28.628,33.75,0.0505,0.0484,1148.67,4651.506,0.9593
2010-10-01,39.46,50.9,17.12,15.6,32.098,22.13,25,39.776,2.64,2.82,36.16,77.07,43.596,28.667,32.9,0.0507,0.0491,1146.24,4634.67,0.9725
2010-10-08,41,51.12,17.27,15.6,34.933,23.15,25.75,41.675,2.66,2.9,35.9,79.55,43.724,29.41,34,0.0501,0.0482,1165.15,4740.45,0.9847
2010-10-15,41.65,51.1,17.27,15.6,36.605,23.28,25.49,41.844,2.68,2.87,34.26,83.2,43.625,28.598,32.87,0.0509,0.0478,1176.19,4758.159,0.9908
2010-10-22,41.6,50.5,16.97,15.6,36.214,23.15,24.48,39.776,2.63,2.82,33.59,82.05,42.808,28.301,33.9,0.0516,0.0477,1183.08,4719.611,0.9826
2010-10-29,41.92,48.9,17.18,15.6,35.882,22.95,25.46,39.736,2.67,2.84,36.2,82.69,42.808,28.073,33.14,0.052,0.0476,1183.26,4733.409,0.9835
2010-11-05,45.27,48.88,17.27,15.6,32.44,25.1,25.97,42.6,2.68,2.86,37.42,87.2,45.023,28.499,33.92,0.0525,0.0499,1225.85,4872.934,1.0158
2010-11-12,44.3,48.55,16.8,15.6,31.081,25.3,24.53,42.272,2.61,2.8,36.19,86.86,42.395,27.459,33.28,0.0535,0.0505,1199.21,4778.753,0.9861
2010-11-19,43.61,48.81,16.55,15.6,31.668,26.96,24.07,39.915,2.62,2.66,36.46,84.3,40.358,27.311,33.15,0.0549,0.0504,1199.73,4717.745,0.9861
2010-11-26,43.2,47.58,16.38,15.6,31.218,25.72,23.23,40.144,2.85,2.67,35.47,84.04,40.299,26.687,32.26,0.0549,0.0506,1189.4,4690.199,0.9645
2010-12-03,44.59,49.43,17.5,15.6,31.795,26.64,23.93,40.512,2.82,2.69,35.8,86.42,41.539,26.409,31.74,0.0547,0.05,1224.71,4780.146,0.993
2010-12-10,45.44,50.59,18.42,15.6,32.997,27.27,24.22,40.015,2.74,2.68,36.79,87.36,42.316,26.083,31.64,0.0559,0.0508,1240.4,4830.031,0.9855
2010-12-17,45.03,50.7,18.3,15.6,31.971,26.91,24.15,40.542,2.77,2.62,37.48,85.65,42.484,26.578,31.52,0.0558,0.0498,1243.91,4853.033,0.9886
2010-12-24,46.04,51.11,18.41,15.6,30.485,27.04,24.1,39.597,2.77,2.53,37.24,86.36,42.228,26.637,32.4,0.0565,0.05,1256.77,4868.336,1.0048
2010-12-31,45.25,50.77,18.15,15.6,30.094,26.74,23.7,40.214,2.79,2.54,37.01,85.47,41.883,26.707,32,0.0551,0.0496,1257.64,4846.884,1.0231
2011-01-07,44.62,49.89,17.81,15.6,30.103,27.11,23.69,38.394,2.77,2.46,37.88,84.48,42.1,26.013,31.28,0.0563,0.0501,1271.5,4812.025,0.9966
2011-01-14,45.85,51.41,18.21,15.6,31.042,28.3,24.37,38.076,2.85,2.51,39.6,87.53,42.7,27.36,32.42,0.0553,0.0498,1293.24,4908.565,0.9888
2011-01-21,44.71,51.66,17.88,15.6,30.602,28.28,24.33,36.504,2.79,2.47,39.87,84.38,41.824,27.202,33.62,0.0566,0.0493,1283.35,4860.852,0.991
2011-01-28,44.69,52.4,17.57,15.6,31.374,27.64,24.44,36.594,2.82,2.42,41.29,85.82,41.46,26.637,33.75,0.0551,0.0495,1276.34,4872.514,0.9938
2011-02-04,46.67,53.06,18.2,15.6,30.602,28.88,24.85,37.539,2.86,2.41,41.78,86.4,41.952,26.479,33.83,0.0569,0.0491,1310.87,4958.843,1.0145
2011-02-11,46.38,55.12,18.44,15.6,30.025,28.52,25.69,36.952,2.91,2.39,39.37,87.28,41.588,25.984,33.68,0.0571,0.049,1329.15,4970.571,1.0023
2011-02-18,46.56,54.2,19.04,15.6,30.67,29.19,26.41,38.801,2.96,2.54,39.33,87.61,42.06,26.697,33.92,0.0565,0.0491,1343.01,5026.127,1.0147
2011-02-25,45.95,53.09,18.4,15.6,30.103,29.95,26,38.414,2.82,2.38,38.08,83.93,41.253,26.588,33.26,0.0554,0.0493,1319.88,4924.914,1.0177
2011-03-04,47.25,52.65,17.63,15.6,30.719,31,25.52,39.796,2.81,2.32,37.04,85.52,42.169,27.112,33.65,0.0559,0.0497,1321.15,4958.586,1.0144
2011-03-11,44.19,50.86,17.17,15.6,28.207,29.86,24.74,37.379,2.64,2.27,35.38,78.8,41.135,26.528,31.41,0.0549,0.0499,1304.28,4734.752,1.0143
2011-03-18,44.56,50.32,16.86,15.6,27.796,30.09,24.48,36.445,2.64,2.09,35.18,80.5,43.704,26.142,31.3,0.054,0.0487,1279.2,4715.785,0.9962
2011-03-25,44.76,51.86,17.6,15.6,28.842,30.91,25.02,38.543,2.7,2.16,36.32,82.02,45.977,25.845,31.65,0.0544,0.0488,1313.8,4840.31,1.026
2011-04-01,46.68,52.74,17.68,15.6,28.999,31.19,25.98,39.975,2.81,2.18,36.47,84.85,46.646,26.875,32.45,0.0555,0.049,1332.41,4954.586,1.0385
2011-04-08,47.76,53.1,19.18,15.6,28.295,33.42,26.33,41.844,2.83,2.19,35.36,86.25,46.509,26.736,32.73,0.0565,0.0492,1328.17,5036.465,1.0581
2011-04-15,47.53,52.22,18.56,15.6,24.88,30.97,26.19,41.069,2.81,2.13,34.5,84.15,45.879,26.271,33.07,0.0559,0.049,1319.68,4939.252,1.0565
2011-04-22,47.32,53.16,19.14,15.6,24.85,31.6,26.79,42.421,2.85,2.16,35.26,84.1,47.099,26.489,33.98,0.0551,0.049,1337.38,4995.728,1.0736
2011-04-29,45.83,53.71,18.71,15.6,24.28,30.35,27.08,41.218,2.91,2.11,35.16,82.21,46.056,26.251,33.3,0.0543,0.049,1363.61,4899.049,1.097
2011-05-06,44.58,52.63,18.13,15.6,23.5,28.83,27.78,39.159,2.97,2.16,35.23,79.57,44.59,26.687,33,0.0543,0.0501,1340.2,4816.145,1.0712
2011-05-13,44.32,51.75,17.99,15.6,22.87,28.62,26.89,38.086,2.98,2.12,34.72,80.15,44.353,26.697,33.1,0.0537,0.0499,1337.77,4787.339,1.0575
2011-05-20,44.05,52.17,18.07,15.6,24.19,29.82,27.41,38.255,3.04,2.11,34.85,80.2,44.993,27.033,33.63,0.0532,0.0501,1333.27,4807.74,1.066
2011-05-27,44.12,50.97,17.5,15.6,23.57,29.49,26.37,38.921,3.03,2.08,33.93,80.7,45.219,27.013,33.08,0.0524,0.0503,1331.1,4760.334,1.0709
2011-06-03,43.23,49.51,17.4,15.6,22.17,29.46,24.3,38.444,3.03,2.03,32.65,79.76,44.973,26.528,31.84,0.0524,0.05,1300.16,4666.592,1.0716
2011-06-10,43.15,49.59,17.18,15.6,21.69,29.06,24.17,37.24,3.01,1.89,32.03,80.2,42.858,26.578,31.75,0.0518,0.0499,1270.98,4634.9,1.0539
2011-06-17,41.95,49.52,16.71,15.6,21,28.7,24.36,36.365,3.04,1.82,31.39,77.82,40.151,26.617,31.46,0.0512,0.0497,1271.5,4551.1,1.0622
2011-06-24,42.34,51.13,16.82,15.6,20.89,28.65,24.66,36.315,2.88,1.835,31.23,80.4,39.561,26.984,31.18,0.0509,0.0501,1268.45,4565.048,1.0487
2011-07-01,43.77,51.92,17.18,15.6,20.67,27.83,25.48,37.519,2.92,1.85,31.13,82.83,40.25,27.499,31.71,0.0528,0.0497,1339.67,4647.929,1.0773
2011-07-08,44.95,51.77,17.71,15.6,21.75,27.73,25.12,38.573,3,2,31,84.35,40.545,27.509,31.98,0.0524,0.0497,1343.8,4716.032,1.0753
2011-07-15,42.89,49.02,16.69,15.6,20.86,28.53,23.4,40.044,2.99,1.84,29,81.36,38.547,27.083,30.37,0.0492,0.0489,1316.14,4542.688,1.0645
2011-07-22,43.43,50.52,17.33,15.6,22,28.98,25.22,39.796,3.06,1.91,30.06,82.5,39.167,27.568,31.21,0.0498,0.0495,1345.02,4674.053,1.0848
2011-07-29,41.42,49.27,16.4,15.6,21.11,27.51,24,39.329,2.99,1.845,27.57,80,37.74,26.677,29.32,0.048,0.0501,1292.28,4500.532,1.1003
2011-08-05,38.12,46.26,14.66,15.6,19.27,24.21,21.77,38.98,2.89,1.69,23.25,72,34.001,25.241,28,0.0449,0.0487,1199.38,4169.7,1.0446
2011-08-12,38.21,48.56,13.19,15.6,19.85,25.24,22.96,40.502,3.05,1.515,23.58,71.52,36.461,25.508,28.75,0.0443,0.0486,1178.81,4237.876,1.0355
2011-08-19,37.5,45.96,12.98,15.6,21.41,23.7,22.4,39.319,3.07,1.45,23.86,69.42,34.877,26.211,29.83,0.0423,0.048,1123.53,4171.9,1.04
2011-08-26,38.64,47.37,13.8,15.6,21,26.38,23.15,39.269,3.06,1.575,24.25,69.15,34.837,24.984,30.23,0.044,0.0485,1176.8,4271.05,1.0577
2011-09-02,39.04,47.52,13.91,15.6,19.71,26.83,23.51,38.881,3.04,1.63,25.15,72.05,34.365,25.003,30.28,0.0442,0.0481,1173.97,4321.545,1.0657
2011-09-09,37.91,47.41,13.15,15.6,18.74,25.85,23.32,39.637,3.04,1.585,23,71.25,33.479,25.132,30.85,0.0426,0.0488,1154.23,4277.364,1.0473
2011-09-16,38.23,45.58,13.02,15.6,18.29,26.91,22.86,37.897,3.06,1.59,22.51,71.27,33.705,24.389,30.73,0.0425,0.0478,1216.01,4229.876,1.0362
2011-09-23,34.55,43.33,12.04,15.6,17.32,25.04,21.01,35.898,3.06,1.445,20.71,62.65,30.871,24.33,29.85,0.0403,0.0477,1136.43,3978.472,0.9786
2011-09-30,35.02,45.55,12.88,15.6,18.68,26.3,22.37,33.889,3.1,1.41,22.87,61.8,31.964,24.617,31.59,0.0424,0.0478,1131.42,4070.09,0.9664
2011-10-07,37.2,46.25,13.85,15.6,20.35,26.87,23.76,35.56,3.03,1.495,24.06,66.4,34.522,24.389,31.32,0.0426,0.0472,1155.46,4224.974,0.9771
2011-10-14,36.86,47.5,13.9,15.6,20.27,27.16,24.28,36.296,3.07,1.56,24.21,68.3,34.473,24.251,31.64,0.0444,0.0476,1224.58,4268.967,1.0343
2011-10-21,35.7,47.55,13.77,15.6,20.56,27.8,24.32,33.114,3.14,1.485,22.53,62.57,32.849,23.825,31,0.045,0.0473,1238.25,4203.442,1.0376
2011-10-28,38.69,49.96,15.17,15.6,22.4,28.12,25.99,34.028,3.11,1.545,25.15,70.22,35.428,23.587,32.69,0.0455,0.0472,1285.08,4411.423,1.0701
2011-11-04,37.95,49.03,14.4,15.6,20.6,27.91,25.19,34.804,3.13,1.615,24,69.97,36.087,24.063,32.03,0.0432,0.0465,1253.23,4342.465,1.037
2011-11-11,37.8,49.59,14.34,15.6,20.18,27.22,24.58,36.693,3.14,1.615,23.58,69.39,35.703,24.587,33,0.0415,0.0466,1263.85,4358.559,1.0269
2011-11-18,36.13,47.73,14.11,15.6,20.15,26.66,23.46,35.649,3.14,1.66,23.24,67.05,34.394,24.36,32.09,0.0401,0.0461,1215.65,4246.678,1.0007
2011-11-25,34.05,45.39,13.09,15.6,19.4,25.51,21.82,33.42,3.12,1.455,21.38,61.95,32.83,23.993,30.66,0.0385,0.0459,1158.67,4057.587,0.9712
2011-12-02,36.65,49.55,14.29,15.6,21.3,27.38,24.55,35.95,3.2,1.605,24.37,66.32,33.125,25.221,32.41,0.04,0.0457,1244.28,4346.288,1.0212
2011-12-09,35.86,48.84,13.86,15.6,21.02,26.82,24.02,33.05,3.23,1.59,24.38,63.74,31.383,25.36,31.48,0.0381,0.0452,1255.19,4264.061,1.0216
2011-12-16,35.19,49.13,13.51,15.6,19.7,26.05,23.43,31.6,3.27,1.52,24.12,61.8,30.802,26.003,30.5,0.0379,0.0442,1219.66,4218.809,0.997
2011-12-23,35.15,49.81,13.25,15.6,19.63,26.16,23.7,31.44,3.32,1.5,24.1,61.84,31.029,25.251,30.29,0.038,0.0454,1265.33,4192.149,1.0149
2011-12-30,34.42,49.22,12.95,15.6,19.04,25.67,23.36,29.6,3.33,1.46,23.79,60.3,30.133,24.855,29.5,0.0373,0.0447,1257.6,4111.038,1.0216
2012-01-06,35.24,49.51,13.12,15.6,19.75,26.28,23.4,30.75,3.33,1.465,24.25,62.52,30.546,25.083,30.37,0.0387,0.0445,1277.81,4164.454,1.0229
2012-01-13,36.6,50.07,11,15.6,20.53,26.48,23.8,32.42,3.29,1.49,23.46,65.21,32.328,25.419,30.4,0.0389,0.0441,1289.09,4255.402,1.0324
2012-01-20,37.48,49.83,11.29,15.6,22.35,27.76,23.88,32.44,3.33,1.53,24.5,67.53,33.45,24.657,30.24,0.0388,0.0438,1315.38,4303.022,1.0486
2012-01-27,37.66,51.16,11.82,15.6,23.73,27.55,24.08,34.4,3.32,1.595,25.53,69.78,33.932,24.528,30.33,0.0388,0.0437,1316.33,4348.482,1.0651
2012-02-03,37.6,50.57,11.84,15.6,23.97,28.21,23.75,34.25,3.34,1.61,24.99,70.5,33.548,24.162,29.47,0.0377,0.0428,1344.9,4320.119,1.0771
2012-02-10,36.3,49.88,11.98,15.6,23.85,28.4,22.94,34.01,3.4,1.58,27.13,69.98,34.837,24.211,29.35,0.0405,0.0436,1342.64,4322.598,1.0676
2012-02-17,35.2,49.68,11.49,15.6,23.42,28.16,22.72,33.77,3.41,1.635,26.36,66.57,34.375,24.617,29.44,0.0411,0.0436,1361.23,4273.259,1.0704
2012-02-24,36.54,49.7,11.61,15.6,25.66,29.6,23.52,34.55,3.26,1.68,27.01,68.09,37.258,24.914,29.23,0.0415,0.0441,1365.74,4388.989,1.0695
2012-03-02,35.69,49.12,12.25,15.6,25.95,29.37,23.45,32.57,3.32,1.745,26.7,65.93,35.723,25.142,29.3,0.0416,0.0446,1369.63,4364.135,1.0732
2012-03-09,34.71,48.08,11.88,15.6,23.49,28.85,23.56,31.93,3.25,1.68,25.8,64.13,35.723,24.974,28.52,0.0407,0.0452,1370.87,4300.504,1.0577
2012-03-16,34.97,48.96,13.14,15.6,23.77,29.3,24.18,30.3,3.26,1.765,27.53,65.12,34.64,25.419,29.07,0.0428,0.0443,1404.17,4364.713,1.059
2012-03-23,34.4,49.16,14.4,15.6,23.12,29.86,24.35,29,3.24,1.73,28.77,63.7,34.808,24.667,28.84,0.0424,0.0445,1397.11,4360.717,1.0468
2012-03-30,34.61,50.1,14.17,15.6,21.32,28.63,24.6,29.68,3.29,1.785,29.08,65.4,34.257,25.726,30.02,0.0403,0.0428,1408.47,4419.971,1.0355
2012-04-06,34.44,50.06,14.1,15.6,21.11,29.29,24.78,28.05,3.35,1.67,28.71,65.29,34.621,25.449,29.94,0.0401,0.043,1398.08,4402.338,1.0309
2012-04-13,34.47,50.18,13.61,15.6,20.91,28.76,24.8,29.24,3.36,1.67,28.99,65.95,34.207,25.469,29.51,0.0378,0.0423,1370.26,4404.173,1.0372
2012-04-20,35.5,50.94,13.49,15.6,20.05,28.91,25.19,28.05,3.38,1.65,28.92,66.63,34.473,25.627,29.47,0.0378,0.0417,1378.53,4444.423,1.0381
2012-04-27,34.89,51.59,13.72,15.6,20.39,28.16,25.15,25.71,3.51,1.61,29.27,65.43,33.883,25.518,30.16,0.036,0.0409,1403.36,4433.409,1.0472
2012-05-04,36.03,52.62,13.65,15.6,19.96,27.25,25.14,25.65,3.61,1.605,28.81,64.91,34.837,26.637,30.6,0.035,0.0386,1369.1,4459.387,1.0173
2012-05-11,34.37,51.8,13.08,15.6,18.84,26.67,24.55,25.75,3.6,1.51,28.35,61.07,32.958,26.528,30.78,0.0324,0.0382,1353.39,4342.686,1.002
2012-05-18,31.46,49.4,12.46,15.6,16.8,25.06,23.32,25.03,3.52,1.43,25.85,55.2,30.497,26.419,29.55,0.0304,0.0359,1295.22,4098.842,0.9843
2012-05-25,31.61,48.72,12.35,15.6,17.45,24.67,23.3,24.75,3.53,1.455,25.83,55.93,30.507,26.429,29,0.0311,0.0354,1317.82,4081.184,0.9757
2012-06-01,31.73,49.69,12.34,15.6,17.6,25.26,22.47,24.11,3.64,1.465,26.84,55.53,31.452,26.37,29.1,0.0279,0.0335,1278.04,4116.92,0.9699
2012-06-08,31.91,50.47,12.4,15.6,16.91,25.24,22.16,24.57,3.64,0.97,26.3,55.59,32.131,26.251,28.99,0.0298,0.0353,1325.66,4111.152,0.9913
2012-06-15,31.84,50.89,12.78,15.6,16.51,25.38,22.12,24.43,3.62,1.155,25.47,54.5,31.836,26.231,29,0.0294,0.0348,1342.84,4107.007,1.0084
2012-06-22,31.52,51.69,12.69,15.6,16.69,24.17,23.17,23.05,3.6,1.12,25.57,56.02,30.861,26.122,29.5,0.0301,0.035,1335.02,4093.802,1.0063
2012-06-29,31.45,53.1,13.38,15.6,16.27,25.1,23.54,22.61,3.69,1.075,26,56.5,30.527,26.538,29.9,0.0299,0.0353,1362.16,4135.46,1.0244
2012-07-06,32.09,54.09,13.48,15.6,16.48,24.99,23.78,24.13,3.74,1.095,26.16,57.8,31.107,26.707,30.36,0.0296,0.0358,1354.68,4198.979,1.0211
2012-07-13,30.48,53.77,13.42,15.6,16.08,24.33,23.6,21.15,3.84,1.055,25.35,54.08,29.818,26.677,30.77,0.0275,0.0349,1356.78,4118.326,1.0229
2012-07-20,31.36,55.12,13.92,15.6,16.22,25.65,23.99,21.83,3.95,1.065,24.7,53.39,32.269,27.35,32.04,0.0278,0.0352,1362.66,4230.559,1.0382
2012-07-27,31.42,56.18,13.84,15.6,16.64,25.78,24.25,23.14,3.96,1.09,24.92,52,32.564,28.42,32.56,0.0286,0.0358,1385.97,4234.392,1.0485
2012-08-03,31.3,55.98,14.15,15.6,16,24.98,24.99,23.08,4.02,1.095,24.76,52.01,33.391,28.37,32.06,0.0299,0.0358,1390.99,4243.025,1.0568
2012-08-10,32.69,55.94,14.38,15.6,17.11,26.58,25.18,24.33,3.76,1.14,25.96,56.45,33.725,27.835,32.27,0.0313,0.0363,1405.87,4302.821,1.0577
2012-08-17,33,57.35,13.05,15.6,17.7,26.21,24.63,25.2,3.9,1.165,26.54,55.35,34.355,28.618,34.67,0.0337,0.0363,1418.16,4393.815,1.0418
2012-08-24,33.09,54.9,13.15,15.6,16.96,26.48,25.14,27.2,3.73,1.16,26.13,51.8,34.739,28.717,33.91,0.0317,0.0361,1411.13,4376.471,1.0405
2012-08-31,31.79,54.74,13.03,15.6,15.99,26.52,25.21,24.65,3.85,1.15,26.86,49.24,33.755,29.331,34.52,0.0302,0.0357,1406.58,4339.021,1.0322
2012-09-07,31.98,54.6,12.39,15.6,15.17,25.5,25.06,25.84,3.81,1.26,27.81,52.38,34.247,29.964,35.06,0.0311,0.0359,1437.92,4348.752,1.0388
2012-09-14,33.31,55.28,13.1,15.6,15.73,27.3,25.41,28.36,3.82,1.24,28.96,56.58,34.306,28.578,34.55,0.032,0.0353,1465.77,4410.22,1.0551
2012-09-21,33.7,55.15,13.18,15.6,16.55,27.6,25.4,28.9,3.87,1.265,29.06,56.33,33.607,28.984,34.75,0.0316,0.034,1460.15,4430.754,1.0455
2012-09-28,33.04,55.77,12.95,15.6,16.62,28.29,25.49,29.14,3.92,1.22,28.46,53.36,32.613,28.479,34.26,0.0292,0.0336,1440.67,4406.339,1.0382
2012-10-05,33.32,56.85,13.57,15.6,17.24,27.49,26.31,29.12,3.95,1.25,29.65,54.9,32.613,29.341,34.55,0.0297,0.0321,1460.93,4513.822,1.0186
2012-10-12,33.54,56.85,13.52,15.6,17.2,26.68,26.2,27.84,3.93,1.315,29.01,56.4,33.666,28.786,34.69,0.0295,0.032,1428.59,4510.098,1.0233
2012-10-19,35,56.84,14.29,15.6,19.12,27.4,26.22,27.51,4.07,1.34,31.31,59.15,35.408,29.172,35.12,0.031,0.0313,1433.19,4593.466,1.0333
2012-10-26,33.86,56.85,13.28,15.6,18.22,24.67,25.9,26.16,4.08,1.345,30.85,56.45,33.755,28.756,34.32,0.0312,0.0318,1411.94,4496.255,1.0374
2012-11-02,34.42,57.37,12.91,15.6,17.39,24.83,24.87,26.2,4.09,1.295,30.66,57.38,33.469,28.449,34.01,0.0309,0.0313,1414.2,4483.336,1.0339
2012-11-09,34.46,58.82,12.87,15.6,17.27,25.06,23.81,26.48,4.11,1.265,31.16,58.69,33.666,28.509,34.3,0.0303,0.0325,1379.85,4482.461,1.0386
2012-11-16,32.93,58.28,10.91,15.6,16.4,24.06,23.2,24.57,4.12,1.255,30.5,56.9,32.682,27.835,34.01,0.0296,0.0324,1359.88,4360.139,1.0343
2012-11-23,33.75,58.95,10.76,15.6,16.88,24.55,23.63,25.35,4.27,1.275,31.07,57.18,33.105,28.38,34.93,0.0322,0.0327,1409.15,4431.523,1.0459
2012-11-30,34.39,59.69,10.94,15.6,17.23,24.56,24.3,25.65,4.31,1.325,32.76,58.75,33.263,29.28,35.55,0.0309,0.0317,1416.18,4518.026,1.0426
2012-12-07,34.74,60.88,10.5,15.6,16.88,23.05,24.5,24.34,4.36,1.345,33.73,60.17,33.676,29.64,36.2,0.0306,0.0309,1418.07,4555.85,1.0487
2012-12-14,36.07,61.66,10.47,15.6,16.82,23,24.6,23.85,4.25,1.395,33.33,63,33.774,29.48,35.93,0.033,0.0308,1413.58,4595.055,1.0567
2012-12-21,36.7,62,10.55,15.6,17.84,23.49,24.94,22.47,4.34,1.46,34.86,64.74,33.213,29.44,36.6,0.0327,0.0313,1430.15,4635.219,1.0404
2012-12-28,37.4,62.25,10.89,15.6,17.89,23.84,25.02,22.51,4.39,1.48,35.5,66.53,33.646,29.46,36.89,0.0326,0.031,1402.43,4685.269,1.0374
2013-01-04,37.91,63.25,11.57,15.6,19,24.01,25.31,22.84,4.48,1.55,35.72,68.55,34.01,29.55,36.86,0.0338,0.0301,1466.47,4742.865,1.0479
2013-01-11,36.68,61.38,11.81,15.6,18.65,23.95,25.57,21.75,4.48,1.53,35.95,65.8,34.119,30.19,37.59,0.034,0.0305,1472.05,4733.773,1.0541
2013-01-18,36.5,62.46,11.75,15.6,19.08,24,26.35,23,4.48,1.52,36.56,66.35,34.739,30.88,37.69,0.0335,0.0301,1485.98,4794.653,1.0509
2013-01-25,37.1,63.59,11.59,15.6,20,24.32,27.24,23.62,4.58,1.525,37.99,66.06,35.182,31.61,37.95,0.0325,0.0298,1502.96,4858.876,1.0421
2013-02-01,37.92,65.05,11.95,15.6,20.98,25.33,28,23.63,4.65,1.54,39.29,67.2,35.083,31.41,37.8,0.0345,0.0296,1513.17,4941.925,1.0407
2013-02-08,37.95,64.83,12.32,15.6,20.3,25.53,29.02,24.52,4.62,1.585,37.78,69.6,35.231,32.75,38.63,0.0341,0.0295,1517.93,4989.399,1.0317
2013-02-15,38.59,67.03,13.55,15.6,22.68,26.64,29.51,23.1,4.63,1.625,37.8,70.15,36.313,32.9,39.55,0.0346,0.029,1519.79,5054.575,1.0308
2013-02-22,36.87,65.55,13.18,15.6,23.16,26.75,29.82,21.68,4.56,1.635,38.56,66.72,37.101,34.27,39.81,0.0347,0.0296,1515.6,5036.713,1.0321
2013-03-01,36.84,67.85,13.67,15.6,22.96,26.19,30.4,22.25,4.53,1.62,37.15,66.08,36.559,34.83,41.6,0.0327,0.0296,1518.2,5100.876,1.0203
2013-03-08,36.09,69.83,13.76,15.6,22.04,25.49,31.1,21.88,4.48,1.675,38.79,64.36,36.549,35.37,42.63,0.0349,0.0303,1551.18,5137.453,1.0236
2013-03-15,35.55,70.18,13.61,15.6,22.14,25.74,31.3,21.99,4.51,1.735,38.35,61.3,36.579,36.05,43.12,0.0359,0.0305,1560.7,5129.332,1.0409
2013-03-22,33.43,68.63,13.07,15.6,20.2,24.51,30.63,22.3,4.53,1.7,35.45,57.92,36.353,34.03,40.63,0.0351,0.0308,1556.89,4980.784,1.0447
2013-03-29,32.76,68.01,13.51,15.6,20.54,24.69,30.84,20.05,4.51,1.785,37.15,57.2,35.25,33.79,40.2,0.0336,0.0304,1569.19,4979.868,1.0417
2013-04-05,32.24,66.93,13.72,15.6,19.68,24,30.57,18.8,4.53,1.76,36.63,55.6,34.237,33.79,39.86,0.0327,0.0307,1553.28,4899.245,1.0387
2013-04-12,33.35,68.06,13.2,15.6,19.52,24.62,31.62,19.53,4.61,1.785,38.17,56.9,35.821,34.78,40.67,0.0326,0.0305,1588.85,5016.015,1.0509
2013-04-19,31.4,68.78,13,15.6,19.21,22.66,31.45,16.65,4.76,1.75,35.98,54.32,33.558,35.49,41.76,0.0316,0.0298,1555.25,4922.955,1.0277
2013-04-26,32.58,70.84,13.17,15.6,20.01,23.37,32.63,17.05,4.92,1.805,37.98,55.8,37.839,36.4,42.94,0.0312,0.0295,1582.24,5082.653,1.0282
2013-05-03,31.97,71.06,13.18,15.6,19.01,22.5,33.74,16.02,5.09,1.775,43.11,54.49,36.59,35.59,42.71,0.0299,0.0286,1614.42,5105.386,1.0316
2013-05-10,34.75,70.57,14.56,15.6,20.11,23.93,32.47,17.4,5.01,1.82,45.97,58.45,37.24,34.7,42.33,0.0318,0.0282,1633.7,5191.089,1.0024
2013-05-17,34.41,73.21,15.4,15.6,18.01,19.5,33.09,14.68,5.08,1.645,44.55,55.29,38.29,34.4,42.93,0.0311,0.0279,1667.47,5159.776,0.9736
2013-05-24,34.36,68.77,15.65,15.6,18.1,19.97,31.29,15.12,4.87,1.56,42.56,54.51,37,33.46,41,0.0326,0.028,1649.6,4964.265,0.9651
2013-05-31,34.88,66.86,16.01,15.6,17.59,20.71,29,14.51,4.74,1.595,43.17,55.18,35.99,33,39.24,0.033,0.0278,1630.74,4914.034,0.9577
2013-06-07,33.09,65.02,14.69,15.6,16.32,19.12,28.35,12.35,4.63,1.445,40.33,53.2,34.93,32,37.81,0.0319,0.0279,1643.38,4729.346,0.9497
2013-06-14,32.91,67.1,14.8,15.6,16.11,19.66,29.38,11.57,4.65,1.365,41.55,53.98,34.89,32.08,38.35,0.033,0.0278,1626.73,4775.528,0.9571
2013-06-21,32.45,66.06,15.81,15.6,15.12,20.18,28.98,10.35,4.55,1.315,41.82,52.66,35.5,31.99,38.22,0.0369,0.0282,1592.43,4723.766,0.9217
2013-06-28,31.37,69.18,15.09,15.6,15.45,19.49,29.68,9.87,4.77,1.35,41.87,52.37,35.01,32.81,39.6,0.0368,0.0279,1606.28,4775.412,0.9137
2013-07-05,31.6,68.99,16.57,15.6,16.73,20.15,29.17,10.73,4.76,1.315,41.96,52.7,35.89,32.69,39.22,0.0374,0.0283,1631.89,4826.423,0.9068
2013-07-12,33.31,70.97,16.71,15.6,18.14,21.5,29.94,12.09,4.83,1.4,44.74,54.74,37.48,33.99,39.09,0.0365,0.0275,1680.19,4957.498,0.905
2013-07-19,33.86,71.46,16.15,15.6,17.2,21.99,30.34,11.12,4.91,1.325,44.06,56.23,37.73,33.3,38.95,0.036,0.0272,1692.09,4959.388,0.9179
2013-07-26,34.6,73.65,16.35,15.6,16.48,21.91,31,12.41,4.92,1.295,43.01,57.24,37.78,33.61,40.34,0.0369,0.0273,1691.65,5023.849,0.9268
